{"cameraMode":{"drawMode":0,"name":"Shaded","section":"Shading Mode"},"sceneLighting":false,"audioPlay":false,"sceneViewState":{"m_AlwaysRefresh":false,"showFog":true,"showSkybox":false,"showFlares":true,"showImageEffects":true,"showParticleSystems":true,"showVisualEffectGraphs":true,"m_FxEnabled":true},"in2DMode":false,"pivot":{"x":4.6542277336120609,"y":-2.7406506538391115,"z":5.012229919433594},"rotation":{"x":0.17456048727035523,"y":0.4259374439716339,"z":-0.08413132280111313,"w":0.8837634325027466},"size":29.562429428100587,"orthographic":false}