{"cameraMode":{"drawMode":0,"name":"Shaded","section":"Shading Mode"},"sceneLighting":false,"audioPlay":false,"sceneViewState":{"m_AlwaysRefresh":false,"showFog":true,"showSkybox":false,"showFlares":true,"showImageEffects":true,"showParticleSystems":true,"showVisualEffectGraphs":true,"m_FxEnabled":true},"in2DMode":false,"pivot":{"x":0.08007272332906723,"y":-0.4256584346294403,"z":0.2534368336200714},"rotation":{"x":0.20041035115718842,"y":0.1917102038860321,"z":-0.04001126065850258,"w":0.9599639177322388},"size":0.9553707838058472,"orthographic":false}