{"cameraMode":{"drawMode":0,"name":"Shaded","section":"Shading Mode"},"sceneLighting":false,"audioPlay":false,"sceneViewState":{"m_AlwaysRefresh":false,"showFog":true,"showSkybox":false,"showFlares":true,"showImageEffects":true,"showParticleSystems":true,"showVisualEffectGraphs":true,"m_FxEnabled":true},"in2DMode":false,"pivot":{"x":-0.212521493434906,"y":-0.27327725291252139,"z":0.04292942211031914},"rotation":{"x":0.19168290495872498,"y":0.3786778748035431,"z":-0.08046828210353852,"w":0.90190589427948},"size":1.7347936630249024,"orthographic":false}